item_names,item_count
Boosah Satin Nighty & Night Gowns,4000
D Naked Net Baby Doll Dresses With Panty,3414
Broadstar Denim Lycra Jeans,2918
Freesia Nylon Tube Bra,2066
D Naked Net Baby Doll Dresses With Panty - Black,2030
Modish Vogue Poly Satin Baby Doll Dresses Without Panty,1512
Khushfashions Satin Nighty & Night Gowns,1497
Bailey Satin Nighty & Night Gowns,1482
Broadstar Denim Jeans - Blue,1473
Wetex Premium Nylon Tube Tops,1452
Urbano Fashion Black Slim Jeans,1448
Rashi Creation Poly Crepe Palazzos,1442
Feel It Black Block Heels,1440
The Bebo Crepe Regular Tops - Yellow,1439
Kaamastra Poly Satin Baby Doll Dresses With Panty,1414
Stanvee Denim Jeans - Blue,1398
In Beauty Cotton Lycra Push Up Bra,1382
Chakraborty Cotton Nighty & Night Gowns - Multi Color,1078
MDS Jeans Crepe Regular Tops,1069
Kaamastra Poly Satin Baby Doll Dresses With Panty - Black,1068
At499 Multi Color Polyester Dresses,1065
"Canon PIXMA MG2570S Multi function (Print,Scan,Copy) All in One Inkjet Printer",1064
vashist Crepe Black A- line Dress,1064
Broadstar Cotton Lycra Casual Pants,1062
Forever9teen Multi Color Cotton Nighty & Night Gowns,1061
Be You Satin Nighty & Night Gowns,1058
At499 Polyester Dresses,1058
My Swag Crepe Black A- line Dress,1058
Skyline Pop Up Toaster,1057
Oxolloxo Polyester Regular Tops - Black,1055
London Steps White Stiletto Heels,1054
Jollify Rayon Palazzos,1053
Secret Bazaar Rayon Kaftans,1052
Broadstar Denim Jeans,1050
katvon Denim Jeans - Grey,1042
Go Glam Satin Nighty & Night Gowns - Pink,1040
Pixie Synthetic Palazzos,1039
MESH Poly Cotton Jeggings - Blue,1036
DRAPES Multicoloured Cotton Dress Material,1035
Mayra Red Net Regular Tops,1035
Nooraalia Satin Nighty & Night Gowns,1035
dhir fashions Rayon Palazzos,1034
Shararat Net Baby Doll Dresses With Panty - Pink,1033
DILJEET Satin Nighty & Night Gowns - Multi Color,1028
plusS Polyester Orange Dresses,1027
S R W Denim Jeans,1024
Jollify Rayon Peasant Tops,1001
Fashion Guru Trading Co. Synthetic Palazzos,1000
My Swag Crepe Multi Color A- line Dress,1000
HP DeskJet 1112 Single Function Color Printer (1000 pages print yield) - Connect VIA USB,999
Polo Nation Cotton Blend Trackpants - Grey,999
Ishin Gray Poly Georgette Tops,997
SRW Denim Jeans,990
INDIAN PEHNAWA Navy Cotton Saree,988
Stanvee Denim Jeans,987
RPJ Polyester Bottom Tight tops,986
Vaak Black Polyester Midi Dress,985
Nooraalia Cotton Nighty & Night Gowns - Pink,984
Oleva Poly Cotton Jeggings - Multi Color,983
Masterly Weft Cotton Lycra Jeans,982
@499 Polyester Dresses,982
Digi Smart 750 Watts Mixer Grinder-4 JARS,982
katvon Denim Jeans - Multi Color,980
vashist Poly Crepe Green A- line Dress,978
Bailey Satin Nighty & Night Gowns - Brown,975
Harshita Creation Satin Navy Dresses,974
Kenstar Besty 500 Watt 3 Jar Mixer Grinder,974
Freely Cotton Bra and Panty Set,973
absorbing Cotton Regular Tops - Multi Color,968
Cute Fashion Baby Girl's Bright Satin Lycra Frock Dresses For,966
Prestige pptpkb 800 W Pop Up Toaster,966
Triraj Net Dresses,965
The Bebo Crepe Regular Tops - Navy,964
Bombay High Multi Color Polyester Dresses,959
You Forever Navy Satin Nighty & Night Gowns,958
Shree Ganesh Multicoloured Cotton Dress Material,957
Elevate Women Net Dresses,954
You Forever Maroon Satin Nighty & Night Gowns,941
My Swag Crepe Blue A- line Dress,927
Reposey Satin Nighty & Night Gowns - Black,927
joganiya Navy Cotton Saree,924
URBAANO Black Bra & Panty Sets,924
Jollify Poly Crepe Palazzos,922
London Steps Brown Stiletto Heels,916
Masterly Weft Denim Lycra Jeans,916
Alert India Black Wedges Heels,907
Shararat Net Nighty & Night Gowns - Green,906
Bombay High Blue Cotton Dresses,897
Fashion Guru Trading Co. Viscose Palazzos,893
Sweet Dreamers Cotton Nighty & Night Gowns,892
Bluemoon Garments Satin Nighty & Night Gowns,885
BAILEY Cotton Nighty & Night Gowns,884
DRYZEE Denim Jeans - Blue,863
plusS Polyester Blue Dresses,860
Aarnaa Rayon Tunics - Blue,856
Triraj Crepe Dresses,843
Amadore Cotton Regular Tops,551
Dealseven Fashion Nylon Baby Doll Dresses With Panty - Black,551
Aashish Fabrics Poly Crepe Red Dresses,550
Lee Fashion Rayon Orange Skater Dress,550
Adorn Gray Block Heels,549
Positive Lace Baby Doll Dresses Without Panty - Black,547
Roseberry Orange Faux Leather Sling Bag,546
Nifty Denim Capris,545
At499 White Crepe Dresses,544
Go Glam Poly Satin Nightsuit Sets,544
YUGVAASTRA Satin Nighty & Night Gowns - Black,544
Sizzlacious Tummy Tucker Shapewear,544
Ak Enterprise Crepe Blue Skater Dress,544
Gopalvilla Cotton Hipsters,543
White Button Designer New Girl's Z Black N Digital Print Orange Satin 3 mtr Flair Readymade partywear gown dress,543
PENDANT WITH DIAMOND + RING,543
Masha Green Cotton Nighty,543
Red Rose Cotton Nighty & Night Gowns,543
Cottinfab Multi Georgette Maxi Dress,542
Phwoar Net Baby Doll Dresses With Panty,542
Epson L380 All-In-One Multi Function Colored Ink tank Printer,542
Borosil Neo 700 Watts Sandwich Toaster,542
Kanooda Prints Multicoloured Crepe Dress Material,541
Lil Orchids Orange Cotton Dress For Girls,541
Mumbai Slang Polyester Black A- line Dress,541
India Ind Green Cotton Dresses,541
Color Cocktail Crepe Multi Color Shirt Dress,541
Rubeez Saree Designer Green Art Silk Saree,541
khodal enterprise blue semi stitched lehnga choli,541
FEATHER TOUCH INDUCTION COOKER,540
Indi Bargain Viscose Gown,540
ATHENA Polyester Off White Fit And Flare Dress,540
SPEED DELUX INDUCTION WITH 3 PC BARTAN,540
LOVIE'S Poly Satin Baby Doll Dresses With Panty - Blue,540
Prestige Induction Cooktop PIC 3.1 V3,539
Creativeswilla Blue Chanderi Dress Material,539
MDS Jeans Cotton Lycra Blue Dresses,539
Opalinas Polyester Red Regular Dress,539
Aadita fashion Jewellery Designer Gold Plated Mangalsutra,539
Shahnaz Husain Gold Facial Kit 80g +30ml- Pack of 2 (40g+15ml each),539
Rubeez Saree Designer Orange Art Silk Saree,539
Micra Fruit Juicer for better Homes,539
HP Compaq 15-s104TX Notebook (4th Gen Ci5/ 4GB/ 1TB/ Free DOS/ 2GB Graph) (K8T88PA),538
Dhruva Fab Navy Georgette Pakistani Suits Unstitched Dress Material,538
Apple cutter,538
Boosah Red Satin Baby Doll Dresses,538
Uber Urban Denim Lycra Jeans - Blue,538
Fasnoya Black Denim Lycra Jeans,538
"SRK Knife Set Of 5 Pcs (4 Knife,1 Scissor, With Stand) - Assorted Colour",538
COLOURED GLASS TOP GAS STOVE,538
Shree Kuldevi Creation Cotton Blue A- line Dress,538
Urbano Fashion Black Slim Fit Stretch Jeans,538
Lenovo Z50-70 Notebook (4th Gen Ci5/ 4GB/ 1TB/ Free DOS) (59-429601),538
Tiny Toon Multicolor Blended Pack of 2 Dresses For Girls,538
"Motorola 2.8A TurboPower USB Wall Charger for moto e4 plus, moto g4 plus, moto g5s plus, e3, moto g5 plus, moto g4 plus",537
Kazima Menthol Crystals Moisturizer 25 gm,537
"Micromax Unite 2 A106 with 8 GB ROM (Grey, with 8 GB ROM)",537
Canon Pixma TS207 Single Function Colored Inkjet Printer (1000 pages yield),537
Canon PowerShot SX520 HS (With 8 GB SD Card + Camera Bag) (Black) ,537
Glambing Georgette Blue Regular Dress,537
Eyelet Blue Georgette Dress,537
HSFS Rayon Blue Regular Dress,536
Obeo Black Denim Jeans,536
Mayra Multi Color Poly Georgette Regular Tops,536
"Quantum QHM6633 4-Port Ultra High Speed- 2.0, 480 Mbps Premium USB ",536
Fictif Multicolor Nightsuits,536
Maddcell Assorted Aux Wire Selfie Stick - 85 cm,536
CLEZORA White Cotton Dress Material,536
Mayra Rayon Regular Tops - Multi Color,536
Khadim's Pink Wedges Heels,536
Miss Chase Denim Jeans - Black,536
Print Star 12A Q2612A Black Single,536
Jhalak Yellow Faux Chiffon Saree,536
INTEX AIR BED QUEEN SIZE WITH PUMP,535
Chakraborty Cotton Nighty & Night Gowns - Pink,535
SMART SOLAR LAMP WITH PANNEL,535
Besiva Maroon Polyester Dresses,535
"Broadstar Denim Lycra Jeans
",535
Sherry Apparel Lace Bralette,535
Finesse Red Cotton Crop Top,535
Moto G (2nd Gen) White with 16GB,535
Metona Rayon Black Empire Dress,535
Cloe Valentine Poly Satin Baby Doll Dresses With Panty - Black,535
Aarnaa Satin Tunics - White,535
KATRINA 5 PCS. BARTAN SET,535
Shoe Lab Silver Platforms Heels,535
Decot Paradise Cotton Multi Color Regular Dress,535
Rimsha Wear Poly Cotton Crop Tops - Black,535
Sandisk Cruzer Blade SDCZ50-016G-l35 16GB USB 2.0 Utility Pendrive - Combo of 2,535
MILTON 2 PC BARTANSE (GOODWAY),534
"Oppo 4A Fast Charging Mobile Charger Wall Charger with usb cable for Oppo Mobiles, a57, F1s, a37, f3, f3 plus all usb ",534
R J Fashion Cotton Lycra Jeans - Black,534
Indicot Georgette Dresses,534
Maniac Black Round T-Shirt,534
Dhruvi Cotton Multi Color A- line Dress,534
In Beauty Cotton Bra and Panty Set,534
Ishin Red Silk Saree,534
GWALIOR PANT SHIRT NENO FAB,534
DIAMOND LAMP DC CHARGER,534
Fashion Village Rayon Shirt,534
Fashion2wear Crepe Navy Dresses,534
Shree Ganesh White Cotton Unstitched Dress Material,534
Gift Icon Blue Cotton Saree,534
Boosah Purple Satin Babydoll Dress,534
Mi4 16 GB (White) ,534
Jockey Bikini Panty,533
WH-20A-BLACK CHIMNEY,533
Cherry Clothing Denim A- line,533
Enchanted Drapes Poly Crepe Shirt,533
La Verite Camisoles,533
WORLDSTAR JMG MARK ISI,533
Epson L 385 Multi Function Colored Ink tank Printer,533
Glambing Crepe Yellow Regular Dress,533
Kartikeya Trading Waterproof Long Raincoat - Purple,532
Bentag Combo of NV-1290 Hair Dryer & Hair straightener-2009 ( Pink ),532
Loco-en-cabeza White Cotton Dresses,532
mj store Cotton Lycra Sports Bra,532
Lava Gold Z61 16GB,532
Mi4 64 GB (White) ,532
Makewayin Blue Art Silk Saree,532
Lava Iris X8 (Black) ,532
Raabta Fashion Georgette Black Dresses,532
Aashish Fabrics Velvet Maroon Regular Dress,532
Shiv Retail Crepe Black A- line Dress,532
Secret Bazaar Rayon Regular Tops - Pink,532
ALEXA INDIA Nylon Tube Bra - Beige,532
N-Gal Poly Cotton Nightsuit Sets - Pink,532
Walkaway Black Slippers,532
The Bebo Crepe Black Dresses,532
Urbaano Black Honeymoon Satin Halter Set,532
Color Cocktail Crepe Dresses,532
SCALAR  EMR SHIELD STICKER,532
Urbaano Lace G-Strings,532
Triraj Poly Georgette Multi Color Regular,532
Veirdo Multi Round T-Shirt,532
Enchanted Drapes Rayon Palazzos,532
The fashion up cream Bhagalpuri Semi Stitched lehenga choli with blouse,532
Luvclick fashion Poly Satin Baby Doll Dresses Without Panty - Maroon,531
9Teenagain Gray Cotton Nighty & Night Gowns,531
Beezy Power Free Hand Blender & Beater (Assorted),531
PrettySecrets Blue Poly Satin Baby Doll Dresses With Panty,531
ASIAN Multi Color Casual Shoes,531
"SAFELINE SL-2B ""2 Burner"" Manual Gas Stove",531
Singer Quadro Pop 1100 Watts Pop Up Toaster,531
Shree Ganesh Yellow Cotton Straight Unstitched Dress Material,531
"Panasonic P91 (16GB, 1GB RAM) - with Free Cover",531
Masha Purple Satin Robe Pack of 2,531
Shoppy Villa Cotton Bralette - Black,531
Indira Multicoloured Banarasi Silk Saree,531
Elina Cotton Bra and Panty Set,531
Roseberry Brown Faux Leather Handheld,531
HP Compaq 15-s006TU Notebook (4th Gen Ci5/ 4GB/ 500GB/ Free DOS),531
Radhe Creation Satin Multi Color A- line Dress,531
WORLD STAR DRY IRON ISI SMARTY,530
Cliths Cotton Crop Tops - Red,530
GWALIOR PANT SHIRT DIBI,530
Bajaj Pluto 500 Watt 3 Jar Mixer Grinder,530
Elk Cotton Hipsters,530
Red Tape Slip On Genuine Leather Black Formal Shoes,530
Awesome Fa White Chanderi Dress Material,530
NORTH ELEVEN Denim Jeans - Black,530
Oxolloxo Polyester Regular Tops,530
Cutecumber Girls Smart Casual Georgette Top,530
offline selection Orange Paper Silk Saree,530
Mayra Brown Rayon Tops,530
Hangup Denim Jeans - Blue,530
Vimal Cotton Blend Trackpants - Olive Green,530
DOLFIN INDUCTION SCREEN TOUCH,530
Micromax x701 4GB and Below Black Grey,530
Shardacreation Multi Color Bhagalpuri Silk Saree,530
Canon EOS 1200D Kit (EF S18-55 IS II) DSLR Camera (Black) ,530
Vinayak Textile Yellow Chanderi Saree,530
Urban Fashion Bank Multi Color Rayon Dresses,530
Trends Tower Cotton Green T-Shirts,530
Wonderchef Oscar Blu Doppio Set Of 4pcs,530
NONI JUICE 800 ML,529
FOCE SAPPHIRE  WATCH,529
Little Kangaroos Blue Cotton Bermudas,529
Prestige PSMFH 700 Watts Sandwich Toaster,529
MINI SEWING MACHINE 1st  QUALITY,529
Drapes Maroon Cotton Printed Unstitched Dress Material with Dupatta,529
Aashvi Creation Pink Cotton Dress Material,529
Delux Look Poly Crepe Palazzos,529
ARSH IMPEX Multicoloured Nylon Saree,529
Vt Nylon Tube Bra - Beige,529
U S POLO ASSN Red Slim Fit Polo T Shirt,529
REVIVE TUMBLER PAIR (BEST FOR DIABETES),529
Philips HD4929/01 Induction Cooker,529
Slice Of Bengal Navy Cotton Saree,529
Aarika Black Net Frock,529
ALEXA INDIA Viscose Kaftans - Grey,529
Myshka Poly Crepe Palazzos,529
Krishi fab Orange Georgette Saree,529
AD & AV MULTICOLOR GIRLS PARTY FROCK,529
Masha Multi Color Satin Nighty & Night Gowns Pack of 3,529
India Inc Black Cotton Dresses,529
Try This Black Round T-Shirt,529
Swipe Konnect Star 16GB Silver,529
Affair Poly Satin Baby Doll Dresses With Panty,529
MORNING WALKER SOFT TOP,529
Popmode White and Golden Flower Women's Casual Partywear Fashion Stud Earring,529
Bajaj 1701MT 17 L Solo Microwave Oven (White) ,529
Lotus Herbals Gold & Diamond Combo Facial Kit (37gms each),529
WORDSTAR MIXER 3 JAR U-VA ISI,529
Sareeshop Designer sarees Blue Chiffon Saree,529
MAGIC WASHING BALL,529
Kalapy Fashion Blue Georgette Saree,528
Lenovo B40-70 Notebook (4th Gen Ci3/ 4GB/ 500GB/ Free DOS/ 2GB Graph) (59-440450),528
PKKART Multi Color Flats,528
Nifty Blue Jeans Slim,528
SRK Internationals Ganesh 4 Compartment Sprout Maker,528
PANAAH Maroon Crepe Dress Material,528
Swaron Beige Crepe Dress Material,528
Aadi Black Formal Shoes,528
SIYARAM PANT SHIRT,528
Selfcare Multi Color Cotton Trackpants,528
Microsoft Lumia 535 (Bright Orange) ,528
Cottinfab Black Viscose Dresses,528
shree wow Crepe Regular Tops - Pink,528
Klamotten Navy Satin Nighty,528
STEAM MOP 5 IN 1,528
FabDiamond Red Cotton Saree,528
Khadim's Gold Wedges Heels,528
Fashion Line Cotton Lycra Multi Color T-Shirts,528
ROYAL 2 PC BARTAN SET,528
Giftsnfriends Multicoloured Cotton Dress Material,528
MDS Jeans Cotton Lycra Red A- line Dress,527
Masha Cotton Pajamas,527
LookEthnic Laxmi temple pandant necklace,527
SUNRISE PARIDHAN Cotton Red A- line Dress,527
GWALIOR SUIT LENGTH,527
Le Bourgeois Maroon Cotton Crop Tops,527
London Eye Cotton Lycra Trackpants,527
Pixelfox Cotton Minimizer Bra - Beige,527
Triraj Georgette Black Dresses,527
Cottinfab Multi Rayon Maxi Dress,527
Jesti Designer Multicoloured Chiffon Saree,527
Bajaj 1200W Mini Induction Cooktop-Red,527
Nilesh Fab Multi Color Georgette Saree,527
ARSH IMPEX Orange Chanderi Dress Material,527
D Naked Net Baby Doll Dresses With Panty - Red,527
Suhanee Green Cotton Unstitched Dress Material,527
@499 Polyester Yellow Bodycon Dress,527
FCK-3 Blue Denim Lycra Jeans,527
Hansx Blue Casual Shoes,527
Leeport Black Synthetic Leather Formal Shoes,527
Decot Paradise Cotton Red A- line Dress,527
Classy Feet Black Wedges Heels,526
Fiona Multi Color Satin Baby Doll Dresses,526
La Verite Multi Color Camisoles Pack of 2,526
BIO MAGNETIC BRACELET TITANIUM,526
Gazal Fashions Green Banarasi Silk Saree,526
Gazal Fashions Multicoloured Chiffon Saree,526
Rashi Creation Multi Color Poly Georgette Maxi Dress,526
9Teenagain Green Cotton Nightsuit Sets,526
"Epson Ink All Colors (T6641-B,T6642-C,T6643-M,T6644-Y) 70 Ml Each For L100/L110/L200/L210/L300/L350/L355/L550/",526
Adzoms Black Bluetooth Selfie Stick - 123 cm,526
9teenAgain Brush fleece Nightsuit Sets,526
Gas Lighter (StainlessSteel),526
Syska H904 In the Ear Bluetooth Headset - Black,526
IPAK Black Bluetooth Selfie Stick - 123 cm,526
Omron HEM-7120 Bp Monitor,526
Patrorna Viscose Nighty & Night Gowns - Navy,526
ROYAL LAMP WITH DC CHARGER,526
Awesome Cotton Palazzos,526
IDEALE Trego 3 Burner Glass Manual Gas Stove,526
JAI SHREE BEBO Crepe Black Skater Dress,526
Makewayin Multicoloured Cotton Saree,526
Naughty Ninos Navy Blue Printed Rayon Jumpsuit,526
JOINT ROTI MAKER,526
Sindhi Footwear Gold Kitten Sandals,526
FRENDZ MICROWAVE 22 LTR.,526
Omron HEM-7200-AP3(JPN1) Bp Monitor,526
PKKART Black Flats,526
Shahnaz Husain Gold Facial Kit 40g+15ml- Pack of 5,526
VACCUM CLEANER 1000 WATT SKYLINE,526
Karbonn Gray Aura Sleek Plus 16GB,526
VASTRA FAB GIRLS FLORAL PRINT DRESS,526
You Forever Green Satin Nighty & Night Gowns,526
Glen GL 3070 Induction Cooker,525
Masha Brown Cotton Nighty,525
INFRA INDUCTION COOKER,525
Masha Black Cotton Nighty,525
FIMS Cotton Lycra Bra and Panty Set,525
SA Deals Flawless pinkish glow fairness Night Cream 30 gm,525
Nite Flite Blue Cotton Nighty,525
Gkidz Multi Color Cotton T-Shirts - Pack of 5,525
CACA ANP Cotton White T-Shirts,525
At499 Blue Polyester Dresses,525
Zombom Pink Chanderi Dress Material,525
Sukkhi Multicolour Alloy Necklace Set for Women,525
NAZAR KAVACH,525
VOXATI Denim Lycra Jeans - Blue,525
Plazma Jeans Silk Jeans - Blue,525
katvon Denim Jeans - Blue,525
laserjet Hp 12A Black Toner Cartridge Pack of 3,525
Gazal Fashions Green Georgette Saree,525
TROLLEY BAG SET 2 PCS.,525
V3SQUARED Black Hooded T-Shirt,525
Micromax Champagne Vdeo 1 Champagne 8GB,525
Indi Bargain Cotton Red Dresses,525
SANDHI SWASTHYA(BEST FOR JOINT PAIN RELIEF),525
katvon Denim Jeans - Black,525
Uber Urban Denim Lycra Jeans - Black,524
Anchy Rayon Palazzos,524
SMART LAMP WITH DC CHARGER,524
MILTON (NOVA) 5 PCS. BARTAN SET,524
AM PENDANT WITH IP,524
Shiyara Black Jeggings Slim,524
Rimsha Wear Crepe Regular Tops - White,524
MEGA SLIM THERMOS 500ML,524
Nite Flite Gray Cotton Nighty,524
Khadim's Black Wedges Heels,524
AAKRITHI Poly Viscose Navy Gown,524
Go Glam Pink Satin Nighty & Night Gowns Pack of 2,524
Lady Queen Yellow Faux Leather Shoulder Bag,524
You Forever Satin Bra and Panty Set,524
"Preethi Blu Flame Blaze Glass Top 3-Burner Gas Stove,Black",524
Shivanka Poly Satin Baby Doll Dresses Without Panty - Pink,524
NOVA 2 Slice Sandwich Maker Grill 700 W,524
Shahnaz Husain Gold & Diamond Facial Kit + Charcoal Peel Off Mask,524
V Art Blue Chiffon Saree,524
Magnus Cotton Red Regular Dress,524
At499 Black Polyester A Line,524
GOODWILL Rayon Dresses,524
SS Artificial Leather Beige Formal Shoes,523
Sprout Maker with Knife Set,523
HSFS Multi Color Poly Georgette Kaftans,523
REJSOL TCA 35% 30ml with 100 ml Neutralizer Face Peel 30 ml,523
Wonderchef Ceramide Set-Blue,523
Alfa Cotton Briefs,523
MDS Jeans Denim Blue Dresses,523
Gazal Fashions Pink Silk Saree,523
Nokia 105 (Black),523
Swaron Multicoloured Crepe Dress Material,523
Cinco Cotton Nighty & Night Gowns - Multi Color,523
Canon Lasershot Printer-LBP 2900B,523
Jockey Bikini Panty (Pack of 3),523
Uptownie Lite Navy Polyester Jumpsuits,523
Thankar Navy Cotton Saree,523
Besiva Maroon Polyester Solid Regular Top,523
Ishin Black Georgette Saree,523
Foot n Style Tan Formal Shoes,523
Katish Silicone Shaping Bra - Beige,523
Prestige GTM03L 3 Burner Glass Manual Gas Stove,523
Saarvi Fashion Crepe Regular Tops,522
White Button Girl’s New Navy Blue Embroidery Phantom Anarkali Flared Readymade Partywear Kids Gown Dresses,522
"HTC Desire 620G DS (Santorini White, with Dual Sim) ",522
Samsung Wall Charger White for Samsung j5 j7 J7 prime J7 Max note 2 note 3 note 4 e5 e7 on7 on5 on nxt a5 a7,522
Indirang Cotton Night Shorts - Pink,522
JOLLIY Rayon Regular Tops,522
Maharaja Whiteline Joy Turbo 750 Watt 3 Jars Mixer Grinder,522
Red Tape Slip On Genuine Leather Brown Formal Shoes,522
Lenovo B40-70 Notebook (4th Gen Ci3/ 4GB/ 500GB/ Win8.1) (59-440452) (FHD),522
Apraa Lycra Tube Bra,522
DIGITAL THERMOMETER,522
Drapes Yellow & Golden Unstitched Dress Material (Pack of 2),522
Risera Brown Crepe Dress Material,522
Fashion Aero Polyester Yellow A- line Dress,522
Woodland Navy Regular Fit Polo T Shirt,522
"CANON GI-790 Pixma G1000, G2000, G3000 Printers",522
Miss Chase Cotton Regular Tops - Maroon,522
Four Seasons Orange Crepe Saree,522
Timbre Polyester Jeggings - Blue,522
Aadrika Chiffon Pencil Skirt - Maroon,522
Romaisa Satin Nightsuit Sets - Blue,522
HTC At 518b Beard Trimmer Silver,521
"Dice Magnetic Charging Cable White - 1 Meter with Lightning and Micro USB connector for Samsung, Apple, Redmi, Xiaomi",521
Dell Inspiron 3567 Notebook Core i3 (6th Generation) 4 GB 39.62cm(15.6) Windows 10 Home,521
Shree Ganesh Priyanka Collection Unstitchhed Dress Material,521
Kenstar M/O KM20SSLN 17 L Solo Microwave Oven (Silver) ,521
Yaadleen Chiffon Beige A- line Dress,521
VSkin Polyester Black Bodycon Dress,521
mahalaxmi fab Blue Chiffon Saree,521
Maharaja Whiteline Nano(MX-123) 500 (3 Jars),521
Shararat Net Baby Doll Dresses With Panty - Red,521
ARSH IMPEX Multicoloured Georgette Saree,521
Cation Cotton Crop Tops,521
HSFS Cotton Multi Color Regular Dress,521
DFH Cotton Trackpants,521
Karbonn Champagne K9 Kavach 8GB,521
BELMONTE SUIT LENGTH,521
HP Compaq 15-s104TU Notebook (4th Gen Ci3/ 4GB/ 1TB/ Win8.1) (K8T60PA) ,521
Digi Smart 600 Watt Kitchenmate 3 Jar Mixer Grinder,521
"Asus Zenfone 5 A501CG (Red, with 16 GB, with 1.6 GHz Processor)",521
Peppytone Viscose Crop Tops - Maroon,521
Truffle Collection Pink Block Heels,521
Nifty Black Denim Jeans,521
Glambing Net Pink Fit And Flare Dress,521
Tina Fashion Cotton Multi Color A- line Dress,520
FIX IT PRO SCRATCH PEN,520
Ever Diva Denim Jeans - Black,520
Fiona Purple Satin Nightwear,520
SHEIN Self Belted Buttoned Coat,520
Ansh Fashion Wear Red Poly Satin Baby Doll Dresses Without Panty,520
Indira Pink Mysore Silk Saree,520
Scorpius Black Cotton Regular Tops,520
Ant.w Pink ANT.W K1-4G 16GB,520
Saarvi Fashion White Crepe Dresses,520
Nooraalia Cotton Nighty & Night Gowns,520
GRASIM SUIT LENGTH,520
MAJESTIC TEA KETTLE,520
Surya Crystal 3 Burner Auto Ignition Gas Stove,520
Romaisa Satin Nighty & Night Gowns - Maroon,520
SHIVAAY TEX Crepe Multi Color Dresses,520
Flirt Nx White Denim Lycra Jeans,520
Micromax Canvas 2 Colors A120 with 8 GB ROM (Grey) ,520
Stanvee Denim Jeans Dungarees - Grey,520
IP Polyester Baby Doll Dresses With Panty - Black,520
BLOOD CIRCULATION MASSAGER,519
FRYE White Wedges Heels,519
Olay Imported Day Cream 50 gm,519
Asmi Creation Multi Color Cotton Bra Pack of 6,519
Phalin Multicolor Cotton Tops - Pack of 3,519
Triraj Poly Crepe Dresses,519
Mammon Yellow Wallet,519
Trendy Divva Georgette White Dresses,519
Delux Look Poly Crepe Regular Tops,519
U.S. Polo Assn. Yellow Regular Fit Polo T Shirt,519
Fashion Line Cotton Lycra Black T-Shirts,519
The Bebo Crepe Regular Tops - Pink,519
Shahnaz Husain Diamond Plus Facial Kit 40g+15ml- Pack of 5,519
Catbird Beige Wedges Heels,519
9teenAGAIN Cotton Nighty & Night Gowns - Blue,519
MDS Jeans Rayon Palazzos,519
Kaamastra Pink Satin Baby Doll Dresses,519
La Zoire Crepe Navy A- line Dress,519
"Brightflame Compact MS ""2 Burner"" Manual Gas Stove",519
Drapes Brown Cotton Dress Material,519
Shaily Retails Green Georgette Saree,519
BODY TONIC Poly Satin Baby Doll Dresses Without Panty - Purple,519
The Bebo Crepe Regular Tops - Black,519
Mayra Black Net Regular Tops,519
U-globe UG 10000 mAh Li-Ion Power Bank,519
Sanskriti Designers Multicoloured Bhagalpuri Silk Saree,519
ALOE VERA JUICE,519
Stylelead Fashion Crepe A- line,519
RAJWADI FAB Red Cotton Silk Saree,519
plusS Polyester Pink Dresses,519
Being Fab Purple Bra & Panty Sets,519
Lenovo vibe p1m 16GB Black,519
Wama Fashion White Bhagalpuri Silk Saree,519
G & M Collections Georgette Multi Color Fit And Flare Dress,518
Clovia Poly Satin Baby Doll Dresses Without Panty,518
Mojua Girls Fancy Frock-Pack of 1,518
Freely Satin Nighty & Night Gowns,518
Beauty Queen Beige Kitten Heels,518
"Goodkarma Cotton Checkered, Floral Double Bedsheet (2 Bed Sheet, 4 Pillow Covers, Multicolor) ",518
JOLLIY Poly Crepe Regular Tops - Multi Color,518
Philips HL1606/03 500 Mixer Grinder (Green),518
Mactree Brown Derby Artificial Leather Formal Shoes,518
Melisa Blue Net Baby Doll Dresses Without Panty,518
Maniac Cotton Grey T-Shirts,518
At499 Polyester Regular,518
"Canon EOS 600D DSLR Camera (Black, Body with EF-S 18-55 mm)",518
Asus Zenfone Selfie ZD551KL (32GB),518
Stanvee Denim Jeans - Black,518
"Asus Zenfone 4 A400CXG (Black, with 8 GB, with Soda Lime Glass)",518
Smarty Pants Rayon Purple Side Slit Dress,518
Miraan Red Cotton Dress Material,518
Goodwill White Cotton Tunics,518
FRENDZ MICROWAVE OVEN 17 ltr,518
Micromax Canvas Nitro A311 (Blue) ,518
24 PCS. DINNER SET DENSO,518
FS MiniKlub Girl's Short Length Bottoms-Aqua,518
SUNTRACK MIXER 3JAR,517
profabsse Cotton Lycra Tube Bra,517
Nityanta Apparel Crepe Blue Fit And Flare Dress,517
Dell Vostro 3568 Notebook (6th Gen Intel Core i3- 4GB RAM- 1TB HDD- 39.62cm(15.6)- Windows 10 with MS Office) (Black),517
Maharaja Whiteline Stunner 500 Watt 3 Jar Mixer Grinder,517
fashion village Cotton Regular Tops - Blue,517
Skyline VTL-7000 500 Watts Pop Up Toaster,517
Micromax X071 Dual Sim- Multimedia Camera,517
SRK Stainless Steel Puri Maker Or Poori Press,517
Da-Dhichi Party Non-Leather Formal Shoes,517
At499 Pink Polyester A Line Dress,517
Kanha Fashion Navy Cotton Saree,517
22K Charcoal Mask Cream Anti Blackhead Facial Kit Peel Off Mask 130 gm,517
Uber Urban Blue Cotton Jeans,517
Harshita Creation Georgette Black Asymmetric dress,517
Jollify Polyester Tunics,517
LAVA X3 ( Black Blue),517
GRASIM PANT SHIRT,517
Sindhi Footwear Beige Flats,517
Mayra Brown Polyester Tops,517
Affair Net Baby Doll Dresses Without Panty - Blue,517
"Vighnaharta Romantic Word ""JANU"" CZ Gold and Rhodium Plated Alloy Ring for Women and Girls",517
SCALAR ENERGY PENDANT,517
9teenAgain Pink Cotton Nighty & Night Gowns,517
Shararat Satin Baby Doll Dresses Without Panty - Blue,516
Urbaano Lace Baby Doll Dresses Without Panty - Black,516
LEE LEATHER BAG 2,516
Madaam Polyester Skater Skirt - Grey,516
Lotus Herbals Radiant Gold Cellular Glow Facial Kit,516
AWESOME FA Crepe Red A- line Dress,516
Fashion Aero Polyester White A- line Dress,516
FOOT PATCH,516
Dhhan 3M USB Cable For Gionee Elife E7 Mini,516
Blackberry Black 9320 512 MB,516
Drumstone HDMI Cable Red - 1 Meter,516
WORLD STAR MIXER 2 JAR ISI WONDER,516
WORLDSTAR VIVA IRON ISI,516
Zapatoz White Casual Shoes,516
Pahal Fashion Navy Chiffon Saree,516
Ladyqueen Tan P.U. Tote Bag,515
Samsung Galaxy Core 2 SM-G355HZKDINS/ SM-G355HZKDINU (Black),515
SBN Black Fancy Cotton Frock,515
SUNTRACK JUICER,515
Callmate P3 15000 -mAh Li-Ion Power Bank White,515
Darshita International Blue Chiffon Saree,515
Mozoi Blue Poly Crepe Regular Tops,515
Shoe Lab Pink Platforms Heels,515
Lenovo G 50-70 Notebook (4th Gen Ci3/ 4GB/ 500GB/ Win8.1) (59-436419) (SIlver) ,515
NEEDLE WORKS Poly Crepe Multi Color A- line Dress,515
MI-MKT I-05 20000 -mAh Li-Ion Power Bank Black,515
B.P. MONITOR,515
Prestige PHTS 03 AI 3 Burner Glass Auto Hobtop,515
Kazima Anti-Pollution Gold Skin Massage Gel Moisturizer 50 ml Pack of 2,515
Cottinfab Red Rayon Dresses,515
Arshia fashions Girls Party Wear Top Jeans and Jacket set - GR261P,514
Sunday Casual Dark Blue Dungaree,514
S M Stainless Steel Kitchen Press / Farsan Maker/ Sev Maker With 15 Attachments,514
Shree Wow Crepe Jumpsuits,514
Jollify Cotton Palazzos,514
India Inc Pink Cotton Dresses,514
Adbeni Imported Beauty Styler Trimmer Multigrooming Kit ( Multicolor ),514
SRK Pro-Grand Manual Fruits & Vegetables Juicer - Blue,514
Ziva Fashion Poly Cotton Jeans,514
MDS Jeans Cotton Lycra Pink Dresses,514
Masha Multi Color Cotton Nighty & Night Gowns Pack of 3,514
Ganesh Easy Pull Smart Fruit & Vegetable Chopper,514
Philips HD4928/01 Induction Cooker,514
OM SAI SARVKARYA SIDHI KAWACH,513
Sareeka Sarees Blue Chiffon Saree,513
Lee Fashion Rayon White Skater Dress,513
Jollify Rayon Regular Tops - Black,513
SIYARAM'S SUIT LENGTH,513
Fashion Kiosks Beige Cotton Border Work Saree With Blouse Piece,513
Mastani Multicoloured Bhagalpuri Cotton Saree Combos,513
Ishin Prints Purple Satin Nightsuit Set,513
Urbaano Sports Bra - Red & Green,513
Indicot Ghostwhite Georgette Dresses,513
Fashion2wear Crepe Black Fit And Flare Dress,513
Ansh Fashion Wear Poly Satin Baby Doll Dresses Without Panty - Red,513
Digital LCD - TDS Meter,513
Fab Ikshvaku Blue Georgette Saree,513
Shree Ganesh Orange Cotton Straight Unstitched Dress Material,513
Nav Pag Multi Color Wedges Heels,513
PKKART Black Ballerinas,513
Archies Premium Collage 6 Photos,513
Cottinfab Viscose Pink Kaftan,513
Miraan Grey and Green Bhagalpuri Silk Saree With Blouse Piece,513
MORNING WALKER  INFRA CHI,513
Coolpad Champagne Gold Mega 4A 16GB,512
Women marks Gray P.U. Handheld,512
senslife Satin Nighty & Night Gowns,512
Boosah Pink Satin Baby Doll Dresses,512
At499 Red Polyester Dresses,512
Go Glam Poly Satin Nighty & Night Gowns - Multi Color,512
Brother Ink Consumables Bt5000 Pack Of 4 (For Use In Dcp-T300/Dcp-T500W),512
Hot N Sweet Poly Satin Baby Doll Dresses With Panty - Black,512
Arousy Cotton G-Strings,512
Nooraalia Satin Nighty & Night Gowns - Blue,512
Ziya Cotton A-Line Skirt,512
Red Tape White Casual Shoes,512
Mayra Georgette Regular Tops - Pink,512
Catwalk Multi Color Wedges Heels,512
Modish Vogue Poly Satin Baby Doll Dresses With Panty,511
Sheffield Classic Sh-3003 2000 W Induction Cooktop,511
Dhvani Fashion Crepe Red Dresses,511
Selfcare Multi Color Cotton Hipsters,511
STEAM IRON WITH SHOCK PROOF CORD,511
MAGIC FOOD PROCESSER,511
TRUNDZ Satin Nightsuit Sets - Multi Color,511
Mammon Multi Wallet,511
Onion Chopper + Stainless Steel Lemon Squeezer Combo,511
Glambing Chiffon Green Dresses,511
Oxolloxo Multi Color Polyester Tops,511
Urbaano Pink Lace Bra,511
SHEIN Flower Patch Cuffed Sleeve Tee,510
Activa SURYA 2000 Watt Induction Cooktop,510
Charcoal Face Mask Anti Blackhead For Men & Women Pack of 2 (130g Each),510
N-Gal Poly Satin Baby Doll Dresses With Panty,510
A M INTERNATIONAL Silver Oxidised Classy Afghan Tribal Necklace Set,510
Diego Crepe Dresses,510
Trusha Dresses Denim Lycra Jeggings - Blue,510
Cottinfab Rayon Dresses,510
Obeo Beige Denim Jeans,510
"RECHARGABLE FAN 12""",510
C FAN SUMREX,510
Epson T664 Multicolor Ink Pack of 4,510
Mayra Crepe Regular Tops - Multi Color,510
Dell Inspiron 15 3542 Notebook (4th Gen Ci3/ 4GB/ 500GB/ Win8.1),509
Ishita Fashions Multi Color Nylon Tube Top,509
Redmi Note 4G-White,509
Miraan Blue Cotton Unstitched Dress Material,509
SPEED SURYA INDUCTION COOKER,509
Masha Maroon Cotton Nighty,509
NOVEX TROLLEY BAG SET 2 PCS.,509
Ansh Fashion Wear Pink Satin Baby Doll Dresses Without Panty,509
SRW Cotton Lycra Jeans,509
Get Glamr Black Cone Heels,508
Bomshel Black Net Baby Doll Dresses With Panty,508
FRENDZ POPCORN MAKER,508
Decot Paradise Cotton Pink Regular Dress,508
G & M Collections Georgette Blue Asymmetric dress,508
Masha Satin Robes,508
HERBIDA Chiffon Purple Asymmetric dress,508
fabcolors Cotton Brown A- line Dress,508
Balaji cotton house Cotton Nighty & Night Gowns - Red,508
Dracht Cotton Lycra Crop Tops - Black,508
Asus A555LF-XX409T Notebook (5th Gen Intel Core i3- 4GB RAM- 1TB HDD- 39.62cm(15.6)- Windows 10- 2GB Graphics) (Grey),507
Pampys Angel Green Wedges Heels,507
HSFS Rayon Red Dresses,507
Belle nuits Poly Satin Baby Doll Dresses Without Panty - Purple,507
Alive Gold i800 1GB,507
RAJWADI FAB Green Cotton Silk Saree,506
Reposey Satin Night Dress - Purple,506
John Karsun Tan Party Artificial Leather Formal Shoes,506
FIVE-STONES Cotton Regular Tops,506
Honey Dew Orange Cotton Nighty,506
"Kihika Eelectric Non-Stick Frying Pan With Egg Poacher, Boiler And Omlette Maker",506
HONEY BAE Spandex Tummy Tucker Shapewear,505
Romile Cotton Regular Tops,505
Fashion2wear Net Black Fit And Flare Dress,505
PANASONIC ELECTRIC WATER GEYSER 10 ltr,505
Samsung Galaxy S3 Neo (Pebble Blue),505
Rigo Multi Round T Shirt,505
Obeo Gray Denim Jeans,504
Shri Dhan Laxmi Yantra,504
Vinayak Textile Yellow Bhagalpuri Silk Saree,504
Feel It Cream Block Heels,504
Derma Roller Drs 0.5 Mm 540 Needles Titanium,504
Baalar Beige Cotton Dress Material,503
The Bebo Crepe Regular Tops,503
vashist Poly Crepe Palazzos,502
EyeVisionPro U8 Pen Drive Spy Product,502
Timbre Georgette Knot Front - Blue,502
Vagon Black Platforms Heels,502
Shoe Lab Gray Slippers & Flip Flops,502
Lenovo Vibe B 8GB Black,502
Reposey Satin Nighty & Night Gowns - Pink,501
LONGWAY PLUTO 500 Watt 1 Jar Mixer Grinder,501
KMB ROYAL Georgette Tunics - Black,501
Secret Wear Lace Bra and Panty Set,500
2 in 1 Multi cutter Vegetable/Fruit Cutter and Peeler,500
Flirt Nx Gray Denim Lycra Jeans,500
SHEIN Square Neck Crisscross Front Top,500
Oxolloxo Polyester Black Wrap Dress,499
Mammon Tan P.U. Sling Bag,498
Cottinfab Pink Rayon Maxi Dress,498
INDUCTION COOKER A-8 MODEL,497
Boosah Multi Color Satin Nightsuit Sets,497
SR Sales Black Faux Leather Sling Bag,495
NICE QUEEN Poly Crepe Red Dresses,492
Dhruvi Cotton Green A- line Dress,485
Borosil Krispy Grill Neo 700 Sandwich Griller,480
AD & AV Poly Chiffon Red Asymmetric dress,480
SHRI SHANI UPASNA YANTRA,479
COGENT RADIATION MOBILE COVER,479
La Zoya Multi Color Poly Satin Baby Doll Dresses,479
Kanooda Prints Orange Georgette Saree,478
Shree Wow Rayon Jumpsuits,478
Seamless Women Stretchy High Waist Abdomen In Hip Up Underwear Lingerie 1335,477
Moto E (1st Gen) (White)  ,477
Airan Chilly and Dry fruit Cutter,477
Try This Black Round T-Shirt Pack of 1,477
Cozami Denim Blue Fit And Flare Dress,477
Triraj Net Regular Tops,477
"Ming Hui 4 in 1 Mini Sewing Machine with Foot Pedal, Bobbins & Adapter",477
SHEIN Form Fitting Ruched Detail Overlap Dress,477
Jaipur Kurti Cotton Regular Tops,476
MDS Jeans Black Poly Cotton Regular Tops,476
SK Lingeries Cotton Bra and Panty Set,474
Go Glam Red Satin Nighty & Night Gowns Pack of 2,474
Ishin Blue Crepe Dress Material,474
AMBIKA TRADING Cotton White A- line Dress,474
9Teenagain Cotton Nighty & Night Gowns,474
Fronex India Cotton Lycra Palazzos,474
Klamotten Babydoll Nightwear,474
Piftif Multi Color Poly Cotton T-Shirt/ Seamless Sports Bra,473
MINI CAR VACCUM CLEANER,473
9Teenagain White Cotton Nighty & Night Gowns,473
Trusha Dresses Rayon Palazzos,473
9teenagain Blue Cotton Nighty & Night Gowns,473
Scorpius Chiffon Dresses,473
Diego Satin Dresses,473
vashist Net White Regular Dress,473
Fasense Satin Nighty & Night Gowns - Pink,472
TRAZO Cotton Multi Color T-Shirts,472
Vixenwrap Lace Baby Doll Dresses With Panty - Purple,472
Fashion Aero Cotton White A- line Dress,472
Casual Grey Women Track Pants By Bfly,471
WORLDSTAR STANDARD DRY IRON,471
Nifty Denim Jeans,471
HansCreation Multicoloured Cotton Silk Dress Material,471
Ishin Blue Chiffon Saree,471
"Lenovo Vibe X2 4G (Gold, with 32 GB) ",471
Aatumn Kids Wear White Cotton Tops & Bottom,471
Voom Georgette Regular Tops - White,470
Timbre Faux Leather Tights - Black,470
Indicot Poly Georgette Knot Front,470
SHREE BHAGYODYA YANTRA,470
JP BREAD TOASTER 4 SLICE,470
FILTER AQUA FINE,470
"BlackBerry Curve 9360 (Black, 512MB RAM)",470
Cottinfab Multi Crepe Maxi Dress,470
Eveready GS CS3B 3 Burner Manual Gas Stove,469
Entease Red Satin Round Neck Sleeveless Top,469
MAYUR SUIT LENGTH,469
Uniq Cotton Pajamas - Black,469
GMI Poly Crepe Palazzos,469
Keoti Cotton Briefs,469
Women marks Peach P.U. Sling Bag,469
Rashi Creation Poly Crepe Regular Tops,469
Cherry Clothing Denim Regular,469
Lenovo 2.1A Wall Charger with Micro USB Cable for Lenovo Mobiles,469
Futaba Rice Pulses Fruits Vegetable Noodles Pasta Washing Bowl & Strainer,468
"Asus ZenFone 3 Max ZC520TL (32GB, 3GB RAM) (5.2"" display, 4100 mAh)",468
Bfly Multi Color Cotton Crop Top,468
United Colors of Benetton Blue Regular Fit Jeans,468
Shreenathji Enterprise Black Embroided Lehenga Choli Set,468
Lenovo IP 320 (80XH01YUIN) Core i3 (6th Gen)/4 GB/1 TB/39.62 cm (15.6 inch)/DOS/Integrated Graphics,468
Salwar Studio Blue Cotton Unstitched Dress Material,468
Apple Creation Yellow Art Silk Unstitched Dress Material,468
"Micromax Canvas Doodle 3 (8GB, 1GB RAM)",468
Brauch Pink Slides,468
Blissta Navy Cotton Saree,468
Ever Diva Denim Jeans - Blue,468
Worldwide Fashion Black Net Dress Material,468
Triveni Multicoloured Crepe Saree,468
HP 15-r014TU Notebook (4th Gen Ci5/ 4GB/ 1TB/ Free DOS) (G8D94PA),467
Karbonn Titanium Vista 4G Volte 8GB Black,467
Darshita International Blue Georgette Dress Material,467
Lime White Cotton blend Couple Combo,467
The Bebo Black Crepe Straight Kurti,467
STONX P2 15 K 15000 -mAh Li-Ion Power Bank Green,467
Beauty Queen Cream Cone Heels,467
NANO CARD 2MM,466
"Micromax Unite 2 A106 with 8 GB ROM (White, with 8 GB ROM) ",466
Trend Arrest Red Cotton Crop Tops,466
Premium 5 Piece Sharp Edge Knife Se,466
Catwalk Tan Flats,466
ALEXA INDIA Viscose Kaftans - Turquoise,466
Mira Creation Satin Maroon Fit And Flare Dress,466
Gracediva Navy Polyester Palazzo,466
Chimpaaanzee Georgette Crop Tops,466
Cottinfab White Rayon A Line Dress,465
Glory Jewels Alloy Golden Chain,465
THE SUHAGIYA SHOPPING Yellow Georgette Saree,465
Fashion Arcade Black Georgette Palazzos,465
@499 Polyester Peplum Dress,465
Shoe Lab Pink Heels,465
SHOFIEE Pink Block Heels,465
Fiona Red Satin Nightwear,465
SHEAL INDUCTION SCREEN TOUCH,465
LE BOURGEOIS White Cotton Crop Tops,464
SLC Beige Chiffon Dress Material,464
U.S. Polo Assn. Red Regular Fit Polo T Shirt,464
Faded Finch Maroon Regular Fit Polo T Shirt,464
H-STORE Manual Hand Water Dispenser/ Polypropylene Set of 1 for 20 liter bottle,464
Ansh Fashion Wear Multi Color Poly Satin Baby Doll Dresses Without Panty,464
GLAMGIRLS Crepe Yellow Regular Dress,464
D Naked Poly Satin Baby Doll Dresses With Panty,464
Girlish Denim Jeans - Blue,464
Vego Cotton Capris,464
Span Cotton Lycra Jeggings - Grey,464
Ansh Fashion Wear White Poly Cotton Bras,464
"Indian Mangalsutra 22K Gold Plated Black Beads 26"" Traditional Necklace M585",464
SCALAR ENERGY PENDANT WITH IP,464
Klamotten Black Satin Baby Doll Dresses With Panty,463
KMB Royal Georgette Tunics,463
aarmy fit Poly Cotton Tights - Multi Color,463
Nokia 225 (White) ,463
AM PENDANT,463
One Femme White Viscose Dresses,463
SLIM FIT OIL,463
Limit Fashion Store White Polyester cotton Couple Combo,463
Asmi Creation Multi Bra,463
SAFELINE CURVE BLACK 4B 4 Burner Manual Gas Stove,463
Airan Hand Crank Beater/Egg Mixer/ Buttermilk,463
Dell Inspiron 3542 Notebook (4th Gen Ci3/ 4GB/ 1TB/ Win8.1) (3542341TBiS1)(SIlver),463
Intex STAARi 11 (16GB) Dual Front Camera 8+2 MP,463
9teenagain Peach Cotton Nighty & Night Gowns,463
SUNNY JUICER MIXER GRINDER,462
RED SAREES Navy Cotton Saree,462
"Premium Cutting Board;2 Knives, Gas lighter & 4 in 1 Peeler Total 8 Function Kitchen tool Combo",462
Wexford Multi Regular Fit Polo T Shirt,462
keoti Satin Nightsuit Sets - Maroon,462
Mayra Yellow Poly Cotton Tops,462
At499 Red Polyester Bodycon,462
Latest Fashion Red Chiffon Saree,462
IN BEAUTY Cotton Bra and Panty Set,462
HSFS Poly Georgette Multi Color Regular Dress,462
Leeport Black Formal Shoes,461
Vinayak Textile Peach Georgette Saree,461
MILTON3 PCS. BARTAN SET,461
Goodwill Black Rayon Dresses,461
AADVIT Pink Wedges Heels,461
GAS STOVE 3 BURNER AUTOMATIC GLASS TOP,461
Eveready Glowy 500 Watt 3 Jar Mixer Grinder,461
LG MS2021CW 20 L Solo Microwave Oven (White) ,461
FOOT SPA BATH,461
Shararat Net Nighty & Night Gowns - Red,461
Three Shades Stylish Coloured Plated Hoop/Loop Tungsten Hoop Earring Combo Set of 2 Earring_035,461
GIRL'S DESIGNER ETHNIC WEAR GOWN DRESS,461
VIMAL RELIANCE PANT SHIRT,461
NEON-9 Denim Jeans - Black,461
REYANSH INTERNATIONAL Rayon Blue Dresses,461
Surya Crystal SCR103B 3 Burner Auto Gas Stove ( Design May vary as per stock Availability),461
Melisa Blue Poly Satin Baby Doll Dresses Without Panty,461
Nokia 216 Blue,461
Shahnaz Husain Diamond Facial Kit 40g,461
Lienz Poly Cotton Tube Bra,460
Enchanted Drapes Crepe Regular Tops,460
Shoppy Villa Lace T-Shirt Bra - Multi Color,460
Fulkari Creations Girls Cotton Patyala Suit,460
Drapes Brown & Golden Unstitched Dress Material (Pack of 2),460
Ansh Fashion Wear Multi Color Satin Thongs,460
Aashish Fabrics Cotton Regular Tops,460
HSFS Multi Color Georgette Kaftans,460
REMSON INDIA Black Flat Slip-on & Sandal,460
RANA IMPRESSION Khadi Palazzos,460
Ansh Fashion Wear Purple Satin Baby Doll Dresses Without Panty,460
Lenovo B40-70 Notebook (4th Gen Ci5/ 4GB/ 1TB/ Win8.1) (59-440451) (FHD) ,460
Rico Sordi Multi Round T-Shirt Pack of 2,460
Chimpaaanzee Black Poly Cotton Dresses,460
Oxolloxo Multi Color Viscose Dresses,460
MAFATLAL PANT SHIRT,460
Oxolloxo Polyester Regular Tops - Multi Color,460
AWESOME FA Crepe Beige A- line Dress,460
SHANI RAKSHA LOCKET,459
Fashion2wear Net Black A- line Dress,459
Bhagya Lakshmi Traditional Gold Plated Bangles For Women,459
RYNOX COOKWARE 3 PCS. BARTAN SET,459
Cozami Crepe Regular Tops - Maroon,459
Fiona Black Satin Nightwear,459
My Swag Viscose Black Bodycon Dress,459
Balaji cotton house Cotton Nighty & Night Gowns - Turquoise,459
Karbonn A51 Plus White,459
Winza Designer Multicoloured Bhagalpuri Cotton Saree,459
Micromax Canvas Nitro A311 (White) ,459
PrettySecrets Red Poly Satin Baby Doll Dresses With Panty,459
Diego Satin Blue A- line Dress,459
Ants Rayon White Dresses,459
Maharaja Whiteline Viva 750 Watts Pop Up Toaster,459
Diaz Black Cotton Tops,459
"Asus Zenfone 5 A501CG (Gold, with 16 GB, with 1.6 GHz Processor)",459
WORDSTAR JMG MARK 2 ISI,459
GWALIOR SUIT LENGTH SUPER,459
Shiv Retail Net Black Dresses,458
Chaoba 2888 Professional 1500w Hair Dryer ( Black ),458
Aashish Fabrics Net Blue Bodycon Dress,458
Shiv Retail Black Crepe A-line Kurti,458
Luvclick fashion Poly Satin Baby Doll Dresses Without Panty - Pink,458
MDS Jeans Cotton Lycra Regular Tops,458
MST PENDANT WITH IP,458
KUBER KUNJI,458
VS Fashion Georgette Dresses,458
Urbano Fashion Black Slim Fit Solid Jeans,458
offline selection Pink Paper Silk Saree,458
pdpm Hosiery Nighty & Night Gowns - Black,458
ANTI RADIATION MOBILE CHIP COGENT,458
Dell Vostro 14 V3446 Notebook (4th Gen Ci3/ 4GB/ 500GB/ Ubuntu/ 2 GB Graph) (Grey) ,458
Butterfly Matchless Mixer Grinder Grey,458
Ishin Blue Poly Georgette Tops,458
Maharaja Whiteline Turbomix DLX 350-Watt Hand Blender (White and Red),458
Triraj Net Black Regular Dress,458
"Asus Zenfone 5 A501CG (White, with 16 GB, with 1.6 GHz Processor)",458
Fashion Village Cotton Shirt,458
SHIV TEXTILES Orange Chanderi Saree,457
Intex IT-PBA 10K 10000 mAh Polymer Power Bank (Blue),457
Maniac Cotton Regular Tops,457
Rajasthani Sarees Cotton Palazzos,457
Scorpius Cotton Crop Tops,457
You Forever Satin Nightsuit Sets - Purple,457
MONET STAINLESS STEEL KARCHI WITH BLACK HANDEL,457
Elevate Women Net Fit And Flare Dress,457
SSIYAA Satin Baby Doll Dresses Without Panty - White,457
SmisingBee Rayon Blue Regular,457
SAFELINE Curve 4B 4 Burner Manual Gas Stove,457
Diaz Cotton Lycra Capris,457
"Asus Zenfone 5 A501CG (Red, with 8 GB, with 1.2 GHz Processor) ",457
Nokia Black 2 8GB,457
Rigo Gray Cotton T - Shirt,457
Microsoft Lumia 535 (Black)  ,457
Ishin Peachpuff Georgette Skirts,456
Besiva Pink Polyester Tops,456
Femate Cotton Hipsters,456
Oleva Cotton Lycra Jeggings,456
SHEIN Cold Shoulder Ruffle Cuff Shift Dress,456
FabnFab Polyester Black A- line Dress,456
Oxolloxo Polyester Regular Tops - Grey,456
Hansx Black Women Wedges,456
VAP Store Denim Lycra Jeans - Black,456
PANASIO POWER SAVER,456
Kalapy Fashion Multicoloured Georgette Saree,456
Triraj Poly Crepe Multi Color A- line Dress,456
Ambrane Speedy S8 20000 -mAh Li-Ion Power Bank Black,456
Karbonn k45+,456
PlusS Polyester Yellow Dresses,456
Gazal Fashions Red Silk Saree,456
KK Enterprises Crepe Black Shift Dress,456
Tinted Maroon Cotton Blend Polo T-Shirt Single Pack,456
"HTC Desire 526G Plus (Glossy Black, with 16 GB)",456
Trusha Dresses Denim Jeggings - Multi Color,455
FASHION CARE Pink Cotton Dress Material,455
India Inc Purple Cotton Sequined Dress,455
Scorpius Yellow Cotton Crop Tops,455
Ahalyaa Crepe Asymmetrical Tops,455
AJANTA PANT SHIRT,455
7Rainbow Maroon Cotton Unstitched Dress Material,455
"Ambrane 2.1A Fast Dual Wall Charger with USB cable for Samsung, Micromax, Intex, Oppo, Vivo",455
Aadi Black Monk Strap Artificial Leather Formal Shoes,455
Ishin Multicoloured Synthetic Dress Material,455
WORLD STAR JUICER ISI,455
Do Bhai Black Slippers,455
Ishin Pink Georgette Saree,455
NOVA NWM-2429 750 Watts Waffle Maker,455
BENKILS Cute Fashion Baby Girl's Infant Jeans Party Wear Dungaree Jumpsuit for 6 Months to 2 Years,455
Laxmipati Fashion Yellow Georgette Saree,455
KK Enterprises Crepe Yellow Fit And Flare Dress,455
Inalsa RADIANT 4S 1300 W Pop Up Toaster,455
Shararat Net Nighty & Night Gowns - White,454
DRYZEE Denim Jeans - Navy,454
CHINMAYA Denim Casual Pants,454
"Superior Purple Bathrobes
",454
Elevate Women Poly Cotton Navy Fit And Flare Dress,454
Sweet Dreamers Cotton Nightsuit Sets,454
Ritzees White Polyester Couple Combo,454
Nokia 130 (Black) ,454
Raas Prêt Crepe Maroon Fit And Flare Dress,454
Triraj Georgette Dresses,454
Sky Heights Girls’ Red Jacket Middi (Party Wear Dress for Kids) 7-8 years,454
Maddcell Blue Aux Wire Selfie Stick - 90 cm,454
Star Style White Block Heels,454
Naughty Ninos Yellow full length Stretch Jumpsuit,454
Swarajshop Haram Necklace Set,454
Baalar Multicoloured Cotton Dress Material,453
Ishin Navy Cotton Saree,453
veronique Polyester Multi Color Dresses,453
Elle Polyester Black Regular,453
American-Elm Viscose Capris,453
SAUNA BELT 3 IN 1,453
Fashion Zone Navy Cotton Dress Material,453
Deeanne London White Cone Heels,453
D Naked Net Baby Doll Dresses With Panty - Purple,453
swadec HQT-906 Pink ( pink ),453
Vvoguish Multi Color Cotton Tops,453
Shararat Net Baby Doll Dresses With Panty - Black,453
Samsung Galaxy S3 Neo (Marble White),453
Lady Queen Brown Faux Leather Shoulder Bag,453
Lenovo Flex 2-14D Notebook (APU Quad Core A6/ 4GB/ 500GB 8GB SSD/ Win8.1) (59-427873) (Black) ,453
Fabdiwa Fashion Green Kanchipuram Saree,453
Nisha Creation Navy Cotton Saree,453
Prestige Omega Deluxe Granite BYK 3PC Set,452
BFLY Cotton Lycra Capris,452
Vita Glow Skin Whitening Night Cream - (Made In TIBET) (See Results in 7 Days),452
Seemore Navy Cotton Saree,452
"Asus Zenfone 5 A501CG (Black, with 16 GB, with 1.6 GHz Processor) ",452
Nova NHT1020 Titanium Trimmer,452
Diaz Multi Cotton Tops,452
@499 Polyester Maroon Regular Dress,452
Shararat Net Nighty & Night Gowns - Multi Color,451
FEMMECRAFTS Blue Flats,451
FS MiniKlub Boy's Full Length Bottoms-Blue,451
keoti Satin Nighty & Night Gowns - Maroon,451
D Naked Black Net Baby Doll Dresses With Panty,451
Fashion Village Poly Crepe Regular Tops - Red,451
Sr Sales Beige P.U. Sling Bag,451
Shahnaz Husain Diamond & Gold Facial Kit,451
Digni Pink Wedges Heels,451
KK Enterprises Crepe Black Shirt Dress,451
Jockey Multi Color Cotton Bikini Panties - Pack of 6,451
Shri Ambe Sarees Navy Cotton Saree,451
ARSH IMPEX Pink Chanderi Dress Material,451
SUPER SOLAR LAMP WITH DC CHARGER,451
Justkids Lahenga and Choli set for girls,450
Dhruvi Rayon Pink A- line Dress,450
Hansx Black Wedges Heels,450
Lenovo A6000 (Black),450
SAMPURNA BADHA MUKTI YANTRA,450
Boosah Red Satin Babydoll Dress,450
"Moto E (2nd Gen) 3G (Black, with 8 GB) ",450
Wonderchef Royal Velvet Plus Set Blue,450
Chaoba 2800 Hair Dryer 2000 W ( Black ),450
Nokia Red 1 8GB,450
Besiva Black Viscose Dresses,450
Vt Cotton Lycra Sports Bra - Multi Color,450
Kubes Crepe Tunics - Peach,450
Intex Aqua N7 (Mid Night Blue)  ,450
9teenagain Cotton Capris,450
Epson Ink Bottles- Set of 4,450
FEMMECRAFTS Brown Flats,449
Hunny Bunny Girls Plain Ruffles Top,449
Moto E (1st Gen) Black,449
Secret Bazaar Rayon Kaftans - Black,449
VH Fashion Crepe Circle Skirt - Multi Color,449
Prestige Induction PIC 14.0,449
DIGNI White Wedges Heels,448
Pinwheel Viscose Crop Tops - Blue,448
WORLD STAR MIXER 3 JAR ADITI ISI,448
Sunflame 2 Jar Style Mixer Grinder,448
Saarvi Fashion Poly Crepe Regular Tops,448
Oxolloxo Polyester Regular Tops - Blue,448
Aarvi Fashions Brown Cotton Dress Material,448
DDH Cotton Lycra Air Bra - Black,448
HTC Desire 820 (Santorini White) ,448
Maxxlite Stylish Aux Wire Selfie Stick Black,448
La Zoire Crepe Green A- line Dress,448
RUDRAX KAVACH,448
Ansh Fashion Wear Satin Robes With Thong Set,448
New Designer Navy Georgette Saree,447
Hi5 Blue Georgette Saree,447
Miraan Pink Cotton Unstitched Dress Material,447
PIGEON EGNITE POP UP TOASTER -ORANGE,447
Lee Fashion Chiffon Brown Fit And Flare Dress,447
Charcoal Face Mask Anti Blackhead 390g- Pack of 3 (130g Each),447
Drapes Black Cotton Dress Material,447
Camey Denim Lycra Jeans - Blue,447
NEEDLE WORKS Georgette Black A- line Dress,447
Harshita Creation Crepe Multi Color Dresses,447
REID & TAYLOR SUIT LENGTH,447
M-zone Extendable Selfie Stick With Aux Cable Hand Held Monopod - Black,447
iBall Twinkle i5 Grey ( 3G + Wifi Voice calling ),446
HTC CT-102 Multigrooming Kit ( white ),446
Luster Papaya Fair Complexion Face Pack - 500 ml,446
SUNNY CORD LESS STEAM IRON,446
Senslife Satin Nightsuit Sets,446
Lee Peeter Slip On Tan Formal Shoes,446
Sir Corbett Slip On Brown Formal Shoes,446
Lee Fashion Crepe Blue A- line Dress,446
Triraj Poly Crepe Multi Color Dresses,445
Raabta Fashion Georgette Black Fit And Flare Dress,445
U S POLO ASSN Green Slim Fit Polo T Shirt,445
My Swag Blue Crepe Jumpsuit,445
Risera Black Crepe Dress Material,445
Kenstar KMU50W3S-DBF 500 Mixer Grinder (3 Jars) ,445
"Nova 3 in 1 Grill, Toast Sandwich Maker + Waffle Snack maker",445
N-gal Polyester Baby Doll Dresses With Panty,445
JP NISER DISER (ONION CUTTING),444
Do Bhai Gold Wedges Heels,444
Diaz Pink Cotton Tops,444
Sir Corbett Black Synthetic Leather Formal Shoes,444
Chandni Whitening Day Cream 28 gm,444
Maniac White NYC Collar,444
Admiral Blue Slippers,444
Mayra Viscose Regular Tops - Peach,443
JP VACCUM CLEANER 800 WATT,443
Shaily Multicoloured Georgette Saree,443
JM Life Style Cotton Blue A- line Dress,443
Legsway Black Kitten Heels,443
Best Priced Multi Faux Leather Combo By Mammon,443
Khodal fashion Net Black A- line Dress,443
Jayhari Brown Satin Baby Doll Dresses,442
DESIRE WATCH PAIR,442
CLIFTON GEYSER,442
Five-Stones Pink Viscose Dresses,442
Wonderchef Royal Velvet Induction Base Aluminium Cookware Set With Free Mini Frying Pan 5-Pieces Purpl,442
Fashion2wear Crepe Navy A- line Dress,442
New Designer Red Georgette Saree,442
Curvyy White Casual Pants Slim,442
Kunal Pink Faux Georgette Saree,442
Klamotten Purple Satin Baby Doll Dresses,441
Aarika Blue Net A-line Dress,441
RYNOX 5 PCS. BARTAN SET,441
109 F Viscose Beige Regular Dress,440
Saree Sansar Blue Velvet Saree,440
RPJ Cotton Crop Tops,440
Portable Hand Blender Mixer Froth Whisker Lassi Maker for Milk Coffee Egg Beater And Many More,440
Eveready TGC 3B 3 Burner Manual Gas Stove,440
Fasense Satin Nightsuit Sets - Black,440
Wonderchef Royal Velvet Induction Base Aluminium Cookware Set With Free Mini Frying Pan 5-Pieces,439
vashist Crepe Multi Color A- line Dress,438
SHREE DHAN LAXMI KUBER DHAN VERSHA YANTRA,438
Lee Fashion Chiffon Black Fit And Flare Dress,438
COGENT COMBO PACK,436
Shree Wow Crepe Dresses,436
Aashvi Creation Red Cotton Dress Material,435
HP 240 G6 (6th Gen i3 / 4GB RAM / 1TB HDD / 35.56cm(14) / DOS ) Black,434
My Swag Rayon Tunics - Red,433
Onlinefayda Turquoise Chiffon Saree,433
Xs and Os Lace Bra and Panty Set,430
Duke Green Regular Fit Polo T Shirt,429
N-Gal Poly Satin Baby Doll Dresses Without Panty - Pink,428
Nifty Blue Denim Jeans,427
@499 Polyester Red Bodycon Dress,424
MST PENDANT,423
Apara Bridal Pearl LCT Stones Gold Necklace Set Jewellery For Women,412
Canon Canon PIXMA TS307 Wireless Printing with Copying Single Function Colored Inkjet Printer,412
Oxolloxo Viscose Tunics - Blue,408
Shiv Retail Net Blue A- line Dress,408
Veirdo Cotton Yellow T-Shirts,407
Patrorna Viscose Nighty & Night Gowns - Yellow,406
At499 Pink Polyester Dresses,403
MDS Jeans Crepe Navy A- line Dress,403
Shahnaz Husain Diamond with Gold Facial Kit 80g+30ml- Pack of 2 (40g+15ml each),403
HANUMAN KAVACH,403
VIMAL SUIT LENGTH,402
Meera Fashion Maroon Georgette Saree,401
MDS Jeans Cotton Lycra Black Dungarees,401
ZA ENTERPRISES Denim Shrugs - Blue,400
Eveready PT104 825 W Pop Up Toaster,400
Bajaj ATX-4 Auto Pop Up Toaster,400
SHIV TEXTILES Navy Linen Saree,400
Klamotten Red Satin Baby Doll Dresses,400
FANGIRL Office Black Formal Shoes,399
Vimal Jonney Cotton Multi Color T-Shirts,399
MDS Jeans Cotton Lycra Tunics - Black,398
Women marks Green P.U. Handheld,397
Vaniya Shoes Multi Color Wedges Heels,397
DENT KING,397
FIBREZA Multicoloured Cotton Dress Material,397
Masha Purple Satin Nighty,397
Asus Zenfone Selfie (32GB),396
PlusS Viscose Red Dresses,396
Ziva Fashion Girls/Womens Blue Poly Cotton Printed Ankle Length Slim Fit Leggings/Jeggings (Pack of 2),395
CURVYY White Poly Crepe Trousers,395
Klamotten Black Satin Robe,395
SBN FANCY FROCK,394
Trendy Divva Georgette Multi Color Dresses,394
Bajaj ATX3 Pop Up Toaster,393
Shri Ambe Sarees Blue Cotton Saree,393
Klamotten Pink Satin Baby Doll Dresses,393
SGF Viscose Fit And Flare Dress,393
Zaambia Satin Nighty & Night Gowns - Black,393
Prestige PIC 20.0 1200 Watts Induction Cooktop,393
SANDRA DAVIS Cream Wedges Heels,393
SK LINGERIES Cotton Air Bra - Multi Color,392
Decot Paradise Cotton Circle Skirt - Blue,392
Canon EOS 1200D Kit (EF S18-55 IS II + 55-250 mm IS II) (Black) ,392
Blissta Yellow Chanderi Dress Material,392
D Naked Lycra Baby Doll Dresses With Panty - Black,392
SHEIN Embroidered Flower Embellished Ruffle Sleeve Babydoll Top,391
MissGudi Cotton Regular Tops - Green,391
Freely Satin Nightsuit Sets,391
Drapes Green Cotton Dress Material,391
Fashion Aero Georgette Blue Fit And Flare Dress,391
"Samsung Galaxy J6 (64GB, 4GB RAM)- sAMOLED Infinity Display",391
Veirdo Black Henley T-Shirt,391
Cottinfab Viscose Palazzos,391
Madam Nylon Tube Tops - Multi Color,390
"Cenizas Cotton Abstract Double Bedsheet (1 Double Bedsheet, 2 Pillow Covers, Blue) ",390
Triveni Multicoloured Art Silk Saree,390
Honey Dew Wine Cotton Long Nighty,390
Lyneth Cotton Lycra Tank Tops,389
MY SWAG Crepe Black Fit And Flare Dress,389
Aashvi Creation Blue Cotton Dress Material,389
Awesome FA Crepe Dresses,388
Probeatz 20 20000 -mAh Li-Ion Solar Power Bank Black,388
Moto G (2nd Gen),388
Fasense Net Baby Doll Dresses Without Panty - Blue,388
Prestige 4 Burner Marvel Gas Stove,387
SPEED INDUCTION BASE COOKER 5 ltr,386
PlusS Polyester Pink Dresses,386
Mithila Blue Georgette Saree,386
Huawei Honor 6 H60-L04 (White) ,385
Shahnaz Husain Gold Facial Kit 40g,385
Slice of Bengal Navy Cotton Saree,385
Sizzlacious Cotton Tank Tops - Multi Color,384
Hot N Sweet Poly Satin Baby Doll Dresses With Panty - Yellow,384
Cation Red Cotton Regular Tops,384
Esszee Black Palazzos Flaired,382
Aruba Blue Poly Satin Baby Doll Dresses With Panty,382
Shaily Retails Multicoloured Georgette Saree,380
"Moto E (2nd Gen) 3G (White, with 8 GB) ",380
Mansi Collections Georgette Regular Tops,379
Ziera Red Polo T Shirts,379
Rigo Cotton Bodycon Dress,376
Nova NBT 2306 Pop Up Toaster,375
Krishna Pink Faux Georgette Unstitched Dress Material,374
Caratcube Blue Synthetic Baby Doll Dresses Without Panty,373
SRW Cotton Lycra Jeans - Black,372
Oxolloxo Polyester Red Dresses,371
SHANDHI SHUDHA(BEST FOR JOINT PAIN RELIEF),309
